<?xml version="1.0" encoding="UTF-8"?>
<project-private xmlns="http://www.netbeans.org/ns/project-private/1">
    <editor-bookmarks xmlns="http://www.netbeans.org/ns/editor-bookmarks/2" lastBookmarkId="0"/>
    <open-files xmlns="http://www.netbeans.org/ns/projectui-open-files/2">
        <group>
            <file>file:/C:/Users/kingd/Desktop/CourseSchedulerDanielRadunskydfr5407/src/CourseScheduler/DBConnection.java</file>
            <file>file:/C:/Users/kingd/Desktop/CourseSchedulerDanielRadunskydfr5407/src/CourseScheduler/CourseQueries.java</file>
            <file>file:/C:/Users/kingd/Desktop/CourseSchedulerDanielRadunskydfr5407/src/CourseScheduler/CourseEntry.java</file>
            <file>file:/C:/Users/kingd/Desktop/CourseSchedulerDanielRadunskydfr5407/src/CourseScheduler/MainFrame.java</file>
            <file>file:/C:/Users/kingd/Desktop/CourseSchedulerDanielRadunskydfr5407/src/CourseScheduler/ScheduleQueries.java</file>
            <file>file:/C:/Users/kingd/Desktop/CourseSchedulerDanielRadunskydfr5407/src/CourseScheduler/StudentEntry.java</file>
            <file>file:/C:/Users/kingd/Desktop/CourseSchedulerDanielRadunskydfr5407/src/CourseScheduler/ScheduleEntry.java</file>
            <file>file:/C:/Users/kingd/Desktop/CourseSchedulerDanielRadunskydfr5407/src/CourseScheduler/SemesterQueries.java</file>
            <file>file:/C:/Users/kingd/Desktop/CourseSchedulerDanielRadunskydfr5407/src/CourseScheduler/StudentQueries.java</file>
        </group>
    </open-files>
</project-private>
